{
	"Gemini-1.5 Flash": {"Length Ratio": 0.9726608323, "BLEU-3": 0.2171080374, "METEOR": 0.4392982285, "F1-Score": 0.5390958745, "ROUGE-L": 0.4522910615, "ROUGE-S2": 0.230463398, "ROUGE-SU": 0.3130801386, "Precision": 0.5607883851, "Recall": 0.5319591514, "WER": 0.7383235367, "WER-DL": 0.736675097, "PER": 0.5445329496, "SAP-MMA": 0.7259259259, "BERT-F1": 0.6619527855, "BERT-P": 0.6922099241, "BERT-R": 0.643996753},
	"GPT-3.5 Turbo": {"Length Ratio": 1.029969593, "BLEU-3": 0.2221691096, "METEOR": 0.4507286858, "F1-Score": 0.548293739, "ROUGE-L": 0.4568764028, "ROUGE-S2": 0.2352741636, "ROUGE-SU": 0.3187787215, "Precision": 0.5554544716, "Recall": 0.5553123073, "WER": 0.7655806816, "WER-DL": 0.7641275369, "PER": 0.5543678852, "SAP-MMA": 0.7481481481, "BERT-F1": 0.6647532606, "BERT-P": 0.6922111211, "BERT-R": 0.6491249389},
	"Google Translate": {"Length Ratio": 1.017819199, "BLEU-3": 0.2812408286, "METEOR": 0.5194420667, "F1-Score": 0.5971736553, "ROUGE-L": 0.5142360285, "ROUGE-S2": 0.2920005227, "ROUGE-SU": 0.3735554321, "Precision": 0.6041672948, "Recall": 0.6028949273, "WER": 0.6833503083, "WER-DL": 0.6817726409, "PER": 0.4877104876, "SAP-MMA": 0.7604938272, "BERT-F1": 0.7809766765, "BERT-P": 0.788190993, "BERT-R": 0.7756219068},
	"Microsoft Translate": {"Length Ratio": 1.013166087, "BLEU-3": 0.2483078181, "METEOR": 0.4753161621, "F1-Score": 0.5620905801, "ROUGE-L": 0.4829467031, "ROUGE-S2": 0.2615299638, "ROUGE-SU": 0.3418458232, "Precision": 0.5736852864, "Recall": 0.5658596889, "WER": 0.7223747224, "WER-DL": 0.7204487212, "PER": 0.5343920006, "SAP-MMA": 0.7086419753, "BERT-F1": 0.7542882905, "BERT-P": 0.7644862964, "BERT-R": 0.7464955995}
}