{
	"Gemini-1.5 Flash": {"Length Ratio": [0.9673333348, 0.96693021, 0.9607980254, 0.9671448957, 0.9726608323, 0.9667432608, 0.9559771039, 0.9686584813, 0.9627393317], "BLEU-3": [0.2272631466, 0.2242628961, 0.2218468156, 0.2221982719, 0.2171080374, 0.2144568808, 0.2077565285, 0.2107162813, 0.2092690026], "METEOR": [0.4471351348, 0.4439342068, 0.441171849, 0.4429637502, 0.4392982285, 0.4347245494, 0.4326764787, 0.4345727373, 0.4312532611], "F1-Score": [0.5515123417, 0.5472302929, 0.5464610252, 0.543614181, 0.5390958745, 0.5417284876, 0.537136282, 0.5389913748, 0.5377601331], "ROUGE-L": [0.4656867376, 0.4605949975, 0.4571904947, 0.4569710515, 0.4522910615, 0.4510091707, 0.4430119161, 0.4462035574, 0.4478611533], "ROUGE-S2": [0.2443582074, 0.2403302687, 0.2348919639, 0.2355028967, 0.230463398, 0.2286474168, 0.2236177909, 0.2265902633, 0.227147502], "ROUGE-SU": [0.3265381344, 0.3224450175, 0.3183216345, 0.3179309478, 0.3130801386, 0.3124668994, 0.3076214825, 0.3102198293, 0.3102525833], "Precision": [0.5751550941, 0.5709752643, 0.5711230081, 0.5656327923, 0.5607883851, 0.5647833408, 0.5628753063, 0.5606705414, 0.5607398223], "Recall": [0.5424608523, 0.5383856494, 0.5362977071, 0.5356770262, 0.5319591514, 0.5337405759, 0.5260066672, 0.5315032398, 0.5287899876], "WER": [0.7239221821, 0.730014332, 0.732695598, 0.730608392, 0.7383235367, 0.7428266129, 0.745324962, 0.7496643381, 0.7400417276], "WER-DL": [0.7223609446, 0.7285230371, 0.7309446731, 0.7291796124, 0.736675097, 0.7410329775, 0.7437271738, 0.748332672, 0.7391505835], "PER": [0.5311518133, 0.5354944749, 0.5338855624, 0.5343506153, 0.5445329496, 0.5394832982, 0.5416313704, 0.5415438008, 0.5392881786], "SAP-MMA": [0.7259259259, 0.7135802469, 0.7111111111, 0.7185185185, 0.7259259259, 0.7308641975, 0.7111111111, 0.7086419753, 0.7185185185], "BERT-F1": [0.6709351976, 0.6732166138, 0.6678445943, 0.6695978912, 0.6619527855, 0.6622034387, 0.6600580142, 0.6701096767, 0.6752697457], "BERT-P": [0.6997078277, 0.7017435217, 0.6963958226, 0.698049398, 0.6922099241, 0.6918216039, 0.6923687976, 0.6982276829, 0.7025337572], "BERT-R": [0.6531891481, 0.6557918223, 0.6503871301, 0.6524577046, 0.643996753, 0.6447264855, 0.6405352113, 0.6529977916, 0.6585056043]},
	"GPT-3.5 Turbo": {"Length Ratio": [1.029181393, 1.034020466, 1.029310058, 1.027572502, 1.029969593, 1.031242652, 1.08402977, 1.178804148, 1.301916996], "BLEU-3": [0.2339183709, 0.2316608309, 0.2320550857, 0.2288767662, 0.2221691096, 0.2120530372, 0.1977904339, 0.1478048963, 0.0798783643], "METEOR": [0.46113879, 0.4609421966, 0.4625590923, 0.456537256, 0.4507286858, 0.4470058732, 0.4225856568, 0.3230826903, 0.1660065382], "F1-Score": [0.5556310457, 0.5542794475, 0.5566047184, 0.5514973415, 0.548293739, 0.5405244057, 0.5198407726, 0.4093577324, 0.2712267434], "ROUGE-L": [0.4627962284, 0.4605885601, 0.4620956168, 0.4580139759, 0.4568764028, 0.4481017059, 0.430134977, 0.3416014998, 0.2193442619], "ROUGE-S2": [0.2445915894, 0.2423428855, 0.2454704142, 0.2403812497, 0.2352741636, 0.2273735071, 0.2099629009, 0.1599490178, 0.08781266061], "ROUGE-SU": [0.3275612581, 0.3256203501, 0.3285423641, 0.323404556, 0.3187787215, 0.310922872, 0.2927178159, 0.2266472036, 0.1369309768], "Precision": [0.5630177381, 0.5608970631, 0.5637008258, 0.5594810239, 0.5554544716, 0.5465151874, 0.5271012481, 0.4139608479, 0.2738284125], "Recall": [0.5624725559, 0.5622309575, 0.5642572097, 0.5587934889, 0.5553123073, 0.5482608006, 0.5274766293, 0.4236322278, 0.2859387303], "WER": [0.7549562, 0.7616258955, 0.7572255423, 0.7605185669, 0.7655806816, 0.7725929552, 0.8479351511, 1.018313628, 1.238023614], "WER-DL": [0.753234739, 0.760393805, 0.7563735339, 0.7590194553, 0.7641275369, 0.7712027176, 0.8470151516, 1.017810536, 1.237612788], "PER": [0.5486738478, 0.552742038, 0.5493104954, 0.5514460529, 0.5543678852, 0.563277787, 0.6389236192, 0.858659618, 1.120481572], "SAP-MMA": [0.7432098765, 0.7333333333, 0.7160493827, 0.7382716049, 0.7481481481, 0.7283950617, 0.7234567901, 0.5851851852, 0.412345679], "BERT-F1": [0.6681738644, 0.6655820539, 0.6670262843, 0.6682625853, 0.6647532606, 0.6618448981, 0.650517662, 0.6040142761, 0.4583909346], "BERT-P": [0.6963046561, 0.6946206812, 0.6957891561, 0.6961414148, 0.6922111211, 0.6878401656, 0.6739151314, 0.6009567172, 0.45888806], "BERT-R": [0.6524280998, 0.6494888845, 0.6508296988, 0.6527051604, 0.6491249389, 0.6473791738, 0.6388219964, 0.6122661043, 0.4625570861]},
	"Google Translate": {"Length Ratio": 1.017819199, "BLEU-3": 0.2812408286, "METEOR": 0.5194420667, "F1-Score": 0.5971736553, "ROUGE-L": 0.5142360285, "ROUGE-S2": 0.2920005227, "ROUGE-SU": 0.3735554321, "Precision": 0.6041672948, "Recall": 0.6028949273, "WER": 0.6833503083, "WER-DL": 0.6817726409, "PER": 0.4877104876, "SAP-MMA": 0.7604938272, "BERT-F1": 0.7809766765, "BERT-P": 0.788190993, "BERT-R": 0.7756219068},
	"Microsoft Translate": {"Length Ratio": 1.013166087, "BLEU-3": 0.2483078181, "METEOR": 0.4753161621, "F1-Score": 0.5620905801, "ROUGE-L": 0.4829467031, "ROUGE-S2": 0.2615299638, "ROUGE-SU": 0.3418458232, "Precision": 0.5736852864, "Recall": 0.5658596889, "WER": 0.7223747224, "WER-DL": 0.7204487212, "PER": 0.5343920006, "SAP-MMA": 0.7086419753, "BERT-F1": 0.7542882905, "BERT-P": 0.7644862964, "BERT-R": 0.7464955995}
}