{
	"Gemini-1.5 Flash": {"Length Ratio": [0.9682334858, 0.9695943645, 0.9673071314, 0.9666523308, 0.9659308486, 0.9627726947, 0.9659193199, 0.9722301025, 0.9664822584, 0.962084068, 0.9570504247], "BLEU-3": [0.2244111494, 0.2271575439, 0.2263036963, 0.2271759757, 0.2265839658, 0.2271180788, 0.225954843, 0.2157174406, 0.2175218631, 0.2195483541, 0.2201303479], "METEOR": [0.4447195528, 0.447019129, 0.4457221411, 0.4474390812, 0.4470761886, 0.4481944021, 0.4462902459, 0.4355674004, 0.4411648773, 0.4417619315, 0.4362410279], "F1-Score": [0.5501402957, 0.550741152, 0.5509509715, 0.5520021718, 0.550983355, 0.5536528404, 0.5489197386, 0.5415754426, 0.545904965, 0.5471741, 0.5403694331], "ROUGE-L": [0.4638033338, 0.4651718512, 0.4649813091, 0.4659136928, 0.4661631899, 0.4651470361, 0.461403054, 0.4539424276, 0.4529673857, 0.4564960241, 0.4558015209], "ROUGE-S2": [0.2422345922, 0.2436864784, 0.2435212046, 0.2440874843, 0.243080363, 0.243183577, 0.2399637206, 0.232656947, 0.2321477494, 0.235852727, 0.2352291882], "ROUGE-SU": [0.3246343398, 0.3258448321, 0.32577569, 0.326468961, 0.3254896699, 0.3263202439, 0.3226818883, 0.3153075375, 0.316168321, 0.3191830089, 0.3169398495], "Precision": [0.5738922811, 0.5737469688, 0.5745518175, 0.5762303057, 0.5753301863, 0.578324019, 0.5725565193, 0.5637160998, 0.5700298538, 0.5712965177, 0.5660405639], "Recall": [0.5412582611, 0.5421540623, 0.5419703063, 0.5427541888, 0.5413501459, 0.5432331781, 0.5399940795, 0.533758616, 0.536681634, 0.5379303005, 0.5292879004], "WER": [0.7280703674, 0.7255920637, 0.7252768617, 0.7245634486, 0.7237084658, 0.7245140008, 0.727177304, 0.7401674372, 0.7446075073, 0.7327746396, 0.7281534637], "WER-DL": [0.7265292953, 0.7240588846, 0.7238007668, 0.723061, 0.7221153188, 0.7229084113, 0.7257292844, 0.7384093073, 0.7436417951, 0.7313612841, 0.7264217627], "PER": [0.5339902974, 0.5320602813, 0.5315632878, 0.5310815778, 0.5309672538, 0.5256482308, 0.5325387955, 0.5411303568, 0.5358363151, 0.5323755331, 0.5378736419], "SAP-MMA": [0.7209876543, 0.7234567901, 0.7234567901, 0.7234567901, 0.7234567901, 0.7037037037, 0.7111111111, 0.7234567901, 0.7283950617, 0.7086419753, 0.7333333333], "BERT-F1": [0.6701992563, 0.6713261504, 0.6716871052, 0.6709229687, 0.669792934, 0.6666919834, 0.6702276191, 0.6688957738, 0.6718388892, 0.6690998852, 0.668543545], "BERT-P": [0.698896865, 0.6992749715, 0.7003701533, 0.6999040742, 0.6987176975, 0.6966625886, 0.6983075341, 0.6958709885, 0.6990515922, 0.6980823543, 0.6978555725], "BERT-R": [0.6525456937, 0.6538998934, 0.6540121406, 0.6529985034, 0.6520052004, 0.6482956458, 0.6531898789, 0.6524064568, 0.6551346251, 0.6516159202, 0.6505726497]},
	"GPT-3.5 Turbo": {"Length Ratio": [1.030443069, 1.031388751, 1.028169436, 1.030286024, 1.029867173, 1.027681047, 1.030816832, 1.025256188, 1.031098837, 1.024534687, 1.015753716], "BLEU-3": [0.2319332731, 0.2306549489, 0.2307536858, 0.2347661936, 0.2342056123, 0.2335636552, 0.232761334, 0.2329097957, 0.2245002557, 0.2252079703, 0.2219618352], "METEOR": [0.4603139098, 0.4583918404, 0.4589231358, 0.4617211543, 0.4619786116, 0.4633651798, 0.461263862, 0.4644111457, 0.4560883308, 0.4537863941, 0.4481737926], "F1-Score": [0.5538883743, 0.5521736351, 0.5540455591, 0.5553694117, 0.5558808891, 0.5572572422, 0.5545818216, 0.5574561371, 0.5498973437, 0.5497141706, 0.5479572009], "ROUGE-L": [0.4611481455, 0.4596735261, 0.4616449253, 0.4639118609, 0.4639379483, 0.4641673997, 0.4619242289, 0.4602277428, 0.4587514102, 0.4564153857, 0.4531200247], "ROUGE-S2": [0.2433967234, 0.2423309573, 0.2432883271, 0.2458808638, 0.2467097005, 0.2463324694, 0.2431602361, 0.2438954515, 0.23860558, 0.2388647715, 0.2352114167], "ROUGE-SU": [0.3262476405, 0.3250189883, 0.3262395588, 0.3284663944, 0.3292175987, 0.3293066177, 0.3262555908, 0.327569386, 0.3216667907, 0.321820248, 0.3186696665], "Precision": [0.5613407969, 0.5594779417, 0.5615345956, 0.5628427042, 0.563422903, 0.5648903639, 0.5620020472, 0.5665976121, 0.5563939974, 0.5569508619, 0.5578202759], "Recall": [0.560782389, 0.5596102178, 0.5610052653, 0.5625552368, 0.563044689, 0.5637163106, 0.5622453067, 0.562867956, 0.5583127064, 0.5564725622, 0.5518619577], "WER": [0.7563665837, 0.7611403576, 0.7547678091, 0.7532042543, 0.754884045, 0.7519816907, 0.7587322086, 0.7590350173, 0.7649439733, 0.756857483, 0.7616730325], "WER-DL": [0.7548944871, 0.7598972201, 0.753244014, 0.7515539717, 0.7532220149, 0.7506619664, 0.7577331135, 0.7575706772, 0.7636092952, 0.7555081304, 0.760016858], "PER": [0.5519898501, 0.5553069979, 0.550344534, 0.5501941805, 0.5490797203, 0.5461270278, 0.5536469131, 0.5465562129, 0.5567658607, 0.5515669559, 0.5500636388], "SAP-MMA": [0.7185185185, 0.7308641975, 0.7333333333, 0.7333333333, 0.7456790123, 0.7481481481, 0.7432098765, 0.7209876543, 0.7135802469, 0.7111111111, 0.7209876543], "BERT-F1": [0.6693114336, 0.6630400891, 0.6625461535, 0.6640975332, 0.6671641539, 0.6693939749, 0.666330131, 0.6678439387, 0.6685759683, 0.6651416181, 0.6593284116], "BERT-P": [0.6983059249, 0.6933371837, 0.6921793939, 0.6939713889, 0.6969456336, 0.6986567595, 0.6951820995, 0.696136961, 0.6953750294, 0.6942478847, 0.687369061], "BERT-R": [0.6530687353, 0.6460672982, 0.6461449792, 0.6475419503, 0.6502923245, 0.6530091144, 0.6505210421, 0.6522335497, 0.6536875774, 0.649030616, 0.6435805269]},
	"Google Translate": {"Length Ratio": 1.017819199, "BLEU-3": 0.2812408286, "METEOR": 0.5194420667, "F1-Score": 0.5971736553, "ROUGE-L": 0.5142360285, "ROUGE-S2": 0.2920005227, "ROUGE-SU": 0.3735554321, "Precision": 0.6041672948, "Recall": 0.6028949273, "WER": 0.6833503083, "WER-DL": 0.6817726409, "PER": 0.4877104876, "SAP-MMA": 0.7604938272, "BERT-F1": 0.7809766765, "BERT-P": 0.788190993, "BERT-R": 0.7756219068},
	"Microsoft Translate": {"Length Ratio": 1.013166087, "BLEU-3": 0.2483078181, "METEOR": 0.4753161621, "F1-Score": 0.5620905801, "ROUGE-L": 0.4829467031, "ROUGE-S2": 0.2615299638, "ROUGE-SU": 0.3418458232, "Precision": 0.5736852864, "Recall": 0.5658596889, "WER": 0.7223747224, "WER-DL": 0.7204487212, "PER": 0.5343920006, "SAP-MMA": 0.7086419753, "BERT-F1": 0.7542882905, "BERT-P": 0.7644862964, "BERT-R": 0.7464955995}
}